Entity,Day,"Daily new confirmed cases of COVID-19 per million people (rolling 7-day average, right-aligned)"
Algeria,2020-01-09,0.0
Algeria,2020-01-10,0.0
Algeria,2020-01-11,0.0
Algeria,2020-01-12,0.0
Algeria,2020-01-13,0.0
Algeria,2020-01-14,0.0
Algeria,2020-01-15,0.0
Algeria,2020-01-16,0.0
Algeria,2020-01-17,0.0
Algeria,2020-01-18,0.0
Algeria,2020-01-19,0.0
Algeria,2020-01-20,0.0
Algeria,2020-01-21,0.0
Algeria,2020-01-22,0.0
Algeria,2020-01-23,0.0
Algeria,2020-01-24,0.0
Algeria,2020-01-25,0.0
Algeria,2020-01-26,0.0
Algeria,2020-01-27,0.0
Algeria,2020-01-28,0.0
Algeria,2020-01-29,0.0
Algeria,2020-01-30,0.0
Algeria,2020-01-31,0.0
Algeria,2020-02-01,0.0
Algeria,2020-02-02,0.0
Algeria,2020-02-03,0.0
Algeria,2020-02-04,0.0
Algeria,2020-02-05,0.0
Algeria,2020-02-06,0.0
Algeria,2020-02-07,0.0
Algeria,2020-02-08,0.0
Algeria,2020-02-09,0.0
Algeria,2020-02-10,0.0
Algeria,2020-02-11,0.0
Algeria,2020-02-12,0.0
Algeria,2020-02-13,0.0
Algeria,2020-02-14,0.0
Algeria,2020-02-15,0.0
Algeria,2020-02-16,0.0
Algeria,2020-02-17,0.0
Algeria,2020-02-18,0.0
Algeria,2020-02-19,0.0
Algeria,2020-02-20,0.0
Algeria,2020-02-21,0.0
Algeria,2020-02-22,0.0
Algeria,2020-02-23,0.0
Algeria,2020-02-24,0.0
Algeria,2020-02-25,0.0
Algeria,2020-02-26,0.0031412784
Algeria,2020-02-27,0.0031412784
Algeria,2020-02-28,0.0031412784
Algeria,2020-02-29,0.0031412784
Algeria,2020-03-01,0.0031412784
Algeria,2020-03-02,0.0031412784
Algeria,2020-03-03,0.015706392
Algeria,2020-03-04,0.01884767
Algeria,2020-03-05,0.050260454
Algeria,2020-03-06,0.050260454
Algeria,2020-03-07,0.050260454
Algeria,2020-03-08,0.05654301
Algeria,2020-03-09,0.059684288
Algeria,2020-03-10,0.047119174
Algeria,2020-03-11,0.040836617
Algeria,2020-03-12,0.009423835
Algeria,2020-03-13,0.025130227
Algeria,2020-03-14,0.025130227
Algeria,2020-03-15,0.05654301
Algeria,2020-03-16,0.087955795
Algeria,2020-03-17,0.12565114
Algeria,2020-03-18,0.14764008
Algeria,2020-03-19,0.16334647
Algeria,2020-03-20,0.17905286
Algeria,2020-03-21,0.21674821
Algeria,2020-03-22,0.3204104
Algeria,2020-03-23,0.4774743
Algeria,2020-03-24,0.5371586
Algeria,2020-03-25,0.62825567
Algeria,2020-03-26,0.73191786
Algeria,2020-03-27,0.8952643
Algeria,2020-03-28,0.98950267
Algeria,2020-03-29,0.98950267
Algeria,2020-03-30,0.97693753
Algeria,2020-03-31,1.1088712
Algeria,2020-04-01,1.410434
Algeria,2020-04-02,1.6240408
Algeria,2020-04-03,1.9444513
Algeria,2020-04-04,2.393654
Algeria,2020-04-05,2.503599
Algeria,2020-04-06,2.5444355
Algeria,2020-04-07,2.6355326
Algeria,2020-04-08,2.3622413
Algeria,2020-04-09,2.3559587
Algeria,2020-04-10,2.1360693
Algeria,2020-04-11,1.8533542
Algeria,2020-04-12,1.8030938
Algeria,2020-04-13,1.8627781
Algeria,2020-04-14,1.7591158
Algeria,2020-04-15,1.8910495
Algeria,2020-04-16,1.8470716
Algeria,2020-04-17,1.8910495
Algeria,2020-04-18,2.06382
Algeria,2020-04-19,2.2271664
Algeria,2020-04-20,2.246014
Algeria,2020-04-21,2.3088396
Algeria,2020-04-22,2.3276873
Algeria,2020-04-23,2.3559587
Algeria,2020-04-24,2.3214047
Algeria,2020-04-25,2.2271664
Algeria,2020-04-26,2.268003
Algeria,2020-04-27,2.3653827
Algeria,2020-04-28,2.5098815
Algeria,2020-04-29,2.6323912
Algeria,2020-04-30,2.9465191
Algeria,2020-05-01,3.138137
Algeria,2020-05-02,3.2260928
Algeria,2020-05-03,3.2637882
Algeria,2020-05-04,3.430276
Algeria,2020-05-05,3.5527859
Algeria,2020-05-06,3.7349799
Algeria,2020-05-07,3.6093287
Algeria,2020-05-08,3.6941433
Algeria,2020-05-09,3.8166533
Algeria,2020-05-10,3.9674346
Algeria,2020-05-11,3.9234567
Algeria,2020-05-12,3.904609
Algeria,2020-05-13,3.860631
Algeria,2020-05-14,3.9454455
Algeria,2020-05-15,3.9580107
Algeria,2020-05-16,3.961152
Algeria,2020-05-17,3.9674346
Algeria,2020-05-18,4.071097
Algeria,2020-05-19,4.1150746
Algeria,2020-05-20,4.1150746
Algeria,2020-05-21,4.0491076
Algeria,2020-05-22,4.039684
Algeria,2020-05-23,4.0459666
Algeria,2020-05-24,4.0585318
Algeria,2020-05-25,4.042825
Algeria,2020-05-26,4.0899444
Algeria,2020-05-27,4.146487
Algeria,2020-05-28,4.130781
Algeria,2020-05-29,3.986282
Algeria,2020-05-30,3.8197944
Algeria,2020-05-31,3.6250353
Algeria,2020-06-01,3.4177108
Algeria,2020-06-02,3.172691
Algeria,2020-06-03,2.9182475
Algeria,2020-06-04,2.7517598
Algeria,2020-06-05,2.619826
Algeria,2020-06-06,2.5161638
Algeria,2020-06-07,2.459621
Algeria,2020-06-08,2.3873715
Algeria,2020-06-09,2.3622413
Algeria,2020-06-10,2.3748064
Algeria,2020-06-11,2.3591
Algeria,2020-06-12,2.381089
Algeria,2020-06-13,2.3967953
Algeria,2020-06-14,2.3873715
Algeria,2020-06-15,2.4030778
Algeria,2020-06-16,2.428208
Algeria,2020-06-17,2.4030778
Algeria,2020-06-18,2.462762
Algeria,2020-06-19,2.5004575
Algeria,2020-06-20,2.5318704
Algeria,2020-06-21,2.5789895
Algeria,2020-06-22,2.6763692
Algeria,2020-06-23,2.7706075
Algeria,2020-06-24,2.9182475
Algeria,2020-06-25,3.0784528
Algeria,2020-06-26,3.329755
Algeria,2020-06-27,3.7098496
Algeria,2020-06-28,4.199889
Algeria,2020-06-29,4.7182
Algeria,2020-06-30,5.1862507
Algeria,2020-07-01,5.751681
Algeria,2020-07-02,6.3579473
Algeria,2020-07-03,6.948508
Algeria,2020-07-04,7.4919486
Algeria,2020-07-05,7.9537168
Algeria,2020-07-06,8.380931
Algeria,2020-07-07,8.899241
Algeria,2020-07-08,9.335879
Algeria,2020-07-09,9.662572
Algeria,2020-07-10,9.898168
Algeria,2020-07-11,9.964135
Algeria,2020-07-12,10.089786
Algeria,2020-07-13,10.22172
Algeria,2020-07-14,10.319099
Algeria,2020-07-15,10.482446
Algeria,2020-07-16,10.7494545
Algeria,2020-07-17,11.142115
Algeria,2020-07-18,11.641578
Algeria,2020-07-19,12.053085
Algeria,2020-07-20,12.216432
Algeria,2020-07-21,12.571396
Algeria,2020-07-22,12.759872
Algeria,2020-07-23,12.885524
Algeria,2020-07-24,12.970338
Algeria,2020-07-25,13.227923
Algeria,2020-07-26,13.240488
Algeria,2020-07-27,13.422683
Algeria,2020-07-28,13.4509535
Algeria,2020-07-29,13.623724
Algeria,2020-07-30,13.68655
Algeria,2020-07-31,13.655137
Algeria,2020-08-01,13.303313
Algeria,2020-08-02,13.149391
Algeria,2020-08-03,12.904371
Algeria,2020-08-04,12.561972
Algeria,2020-08-05,12.216432
Algeria,2020-08-06,12.018531
Algeria,2020-08-07,11.921151
Algeria,2020-08-08,11.814348
Algeria,2020-08-09,11.757805
Algeria,2020-08-10,11.776652
Algeria,2020-08-11,11.748381
Algeria,2020-08-12,11.62273
Algeria,2020-08-13,11.446818
Algeria,2020-08-14,11.186092
Algeria,2020-08-15,11.022746
Algeria,2020-08-16,10.805998
Algeria,2020-08-17,10.582967
Algeria,2020-08-18,10.407055
Algeria,2020-08-19,10.177742
Algeria,2020-08-20,9.888744
Algeria,2020-08-21,9.646866
Algeria,2020-08-22,9.433259
Algeria,2020-08-23,9.219652
Algeria,2020-08-24,9.037457
Algeria,2020-08-25,8.899241
Algeria,2020-08-26,8.745318
Algeria,2020-08-27,8.7076235
Algeria,2020-08-28,8.663646
Algeria,2020-08-29,8.594538
Algeria,2020-08-30,8.52543
Algeria,2020-08-31,8.437473
Algeria,2020-09-01,8.28041
Algeria,2020-09-02,8.18303
Algeria,2020-09-03,7.9757056
Algeria,2020-09-04,7.705556
Algeria,2020-09-05,7.4448295
Algeria,2020-09-06,7.1903863
Algeria,2020-09-07,6.9673553
Algeria,2020-09-08,6.78202
Algeria,2020-09-09,6.612391
Algeria,2020-09-10,6.464751
Algeria,2020-09-11,6.342241
Algeria,2020-09-12,6.21659
Algeria,2020-09-13,6.081515
Algeria,2020-09-14,5.937016
Algeria,2020-09-15,5.789376
Algeria,2020-09-16,5.641736
Algeria,2020-09-17,5.497237
Algeria,2020-09-18,5.3590207
Algeria,2020-09-19,5.2176633
Algeria,2020-09-20,5.076306
Algeria,2020-09-21,4.9380894
Algeria,2020-09-22,4.796732
Algeria,2020-09-23,4.6490917
Algeria,2020-09-24,4.504593
Algeria,2020-09-25,4.3506703
Algeria,2020-09-26,4.2124543
Algeria,2020-09-27,4.0553904
Algeria,2020-09-28,3.8983264
Algeria,2020-09-29,3.7381213
Algeria,2020-09-30,3.6250353
Algeria,2020-10-01,3.5496445
Algeria,2020-10-02,3.4899602
Algeria,2020-10-03,3.4334173
Algeria,2020-10-04,3.395722
Algeria,2020-10-05,3.3580265
Algeria,2020-10-06,3.320331
Algeria,2020-10-07,3.238658
Algeria,2020-10-08,3.1098657
Algeria,2020-10-09,3.0407574
Algeria,2020-10-10,3.0062034
Algeria,2020-10-11,2.968508
Algeria,2020-10-12,2.9402366
Algeria,2020-10-13,2.9999208
Algeria,2020-10-14,3.1412783
Algeria,2020-10-15,3.3423202
Algeria,2020-10-16,3.5150905
Algeria,2020-10-17,3.7506864
Algeria,2020-10-18,3.9674346
Algeria,2020-10-19,4.1779003
Algeria,2020-10-20,4.3695183
Algeria,2020-10-21,4.523441
Algeria,2020-10-22,4.7339063
Algeria,2020-10-23,4.9632196
Algeria,2020-10-24,5.1265664
Algeria,2020-10-25,4.482604
Algeria,2020-10-26,3.8574898
Algeria,2020-10-27,5.663725
Algeria,2020-10-28,5.8647666
Algeria,2020-10-29,6.0783734
Algeria,2020-10-30,6.204025
Algeria,2020-10-31,6.3485236
Algeria,2020-11-01,7.2626357
Algeria,2020-11-02,8.299257
Algeria,2020-11-03,6.769455
Algeria,2020-11-04,7.1401258
Algeria,2020-11-05,7.856337
Algeria,2020-11-06,8.911807
Algeria,2020-11-07,9.891886
Algeria,2020-11-08,10.802856
Algeria,2020-11-09,11.870891
Algeria,2020-11-10,12.938926
Algeria,2020-11-11,14.03209
Algeria,2020-11-12,14.858247
Algeria,2020-11-13,15.514773
Algeria,2020-11-14,16.256115
Algeria,2020-11-15,17.082272
Algeria,2020-11-16,17.679115
Algeria,2020-11-17,18.520977
Algeria,2020-11-18,19.303156
Algeria,2020-11-19,20.016226
Algeria,2020-11-20,20.556526
Algeria,2020-11-21,21.297867
Algeria,2020-11-22,21.847591
Algeria,2020-11-23,22.563803
Algeria,2020-11-24,22.862225
Algeria,2020-11-25,23.273731
Algeria,2020-11-26,23.232895
Algeria,2020-11-27,23.427654
Algeria,2020-11-28,23.286297
Algeria,2020-11-29,23.364828
Algeria,2020-11-30,23.116667
Algeria,2020-12-01,23.031853
Algeria,2020-12-02,22.466423
Algeria,2020-12-03,22.174284
Algeria,2020-12-04,21.414095
Algeria,2020-12-05,20.613068
Algeria,2020-12-06,19.75864
Algeria,2020-12-07,18.94505
Algeria,2020-12-08,17.672832
Algeria,2020-12-09,16.535688
Algeria,2020-12-10,15.486502
Algeria,2020-12-11,14.613227
Algeria,2020-12-12,13.793353
Algeria,2020-12-13,12.992327
Algeria,2020-12-14,12.093922
Algeria,2020-12-15,11.848902
Algeria,2020-12-16,11.462524
Algeria,2020-12-17,10.972486
Algeria,2020-12-18,10.535848
Algeria,2020-12-19,10.209154
Algeria,2020-12-20,9.873037
Algeria,2020-12-21,9.741104
Algeria,2020-12-22,9.618594
Algeria,2020-12-23,9.4364
Algeria,2020-12-24,9.555769
Algeria,2020-12-25,9.65629
Algeria,2020-12-26,9.643724
Algeria,2020-12-27,9.662572
Algeria,2020-12-28,9.568334
Algeria,2020-12-29,8.135911
Algeria,2020-12-30,7.9694233
Algeria,2020-12-31,8.67621
Algeria,2021-01-01,8.176747
Algeria,2021-01-02,7.7149796
Algeria,2021-01-03,7.2312226
Algeria,2021-01-04,6.78202
Algeria,2021-01-05,7.526503
Algeria,2021-01-06,7.121278
Algeria,2021-01-07,5.6825724
Algeria,2021-01-08,5.566345
Algeria,2021-01-09,5.52865
Algeria,2021-01-10,5.5098023
Algeria,2021-01-11,5.453259
Algeria,2021-01-12,5.415564
Algeria,2021-01-13,5.55378
Algeria,2021-01-14,5.465824
Algeria,2021-01-15,5.4815307
Algeria,2021-01-16,5.415564
Algeria,2021-01-17,5.3338904
Algeria,2021-01-18,5.3056192
Algeria,2021-01-19,5.4124227
Algeria,2021-01-20,5.3401732
Algeria,2021-01-21,5.484672
Algeria,2021-01-22,5.418705
Algeria,2021-01-23,5.4752483
Algeria,2021-01-24,5.5223675
Algeria,2021-01-25,5.5380735
Algeria,2021-01-26,5.5349326
Algeria,2021-01-27,5.5160847
Algeria,2021-01-28,5.506661
Algeria,2021-01-29,5.5223675
Algeria,2021-01-30,5.5380735
Algeria,2021-01-31,5.506661
Algeria,2021-02-01,5.4752483
Algeria,2021-02-02,5.415564
Algeria,2021-02-03,5.4783893
Algeria,2021-02-04,5.519226
Algeria,2021-02-05,5.563204
Algeria,2021-02-06,5.472107
Algeria,2021-02-07,5.4344115
Algeria,2021-02-08,5.494096
Algeria,2021-02-09,5.450118
Algeria,2021-02-10,5.396716
Algeria,2021-02-11,5.23337
Algeria,2021-02-12,5.239652
Algeria,2021-02-13,5.2585
Algeria,2021-02-14,5.2176633
Algeria,2021-02-15,5.0982947
Algeria,2021-02-16,4.966361
Algeria,2021-02-17,4.7433305
Algeria,2021-02-18,4.6019726
Algeria,2021-02-19,4.3004103
Algeria,2021-02-20,4.074238
Algeria,2021-02-21,3.9297392
Algeria,2021-02-22,3.7883816
Algeria,2021-02-23,3.769534
Algeria,2021-02-24,3.8009467
Algeria,2021-02-25,3.8135118
Algeria,2021-02-26,3.782099
Algeria,2021-02-27,3.7852404
Algeria,2021-02-28,3.756969
Algeria,2021-03-01,3.6910021
Algeria,2021-03-02,3.6470242
Algeria,2021-03-03,3.6156113
Algeria,2021-03-04,3.555927
Algeria,2021-03-05,3.577916
Algeria,2021-03-06,3.590481
Algeria,2021-03-07,3.5936224
Algeria,2021-03-08,3.5873399
Algeria,2021-03-09,3.5402207
Algeria,2021-03-10,3.4962428
Algeria,2021-03-11,3.4177108
Algeria,2021-03-12,3.4239933
Algeria,2021-03-13,3.329755
Algeria,2021-03-14,3.2637882
Algeria,2021-03-15,3.238658
Algeria,2021-03-16,3.2292342
Algeria,2021-03-17,3.1318545
Algeria,2021-03-18,3.1632674
Algeria,2021-03-19,3.1130068
Algeria,2021-03-20,3.0219097
Algeria,2021-03-21,2.8994
Algeria,2021-03-22,2.8020203
Algeria,2021-03-23,2.65438
Algeria,2021-03-24,2.541294
Algeria,2021-03-25,2.3559587
Algeria,2021-03-26,2.2020361
Algeria,2021-03-27,2.1580582
Algeria,2021-03-28,2.1486344
Algeria,2021-03-29,2.132928
Algeria,2021-03-30,2.1706233
Algeria,2021-03-31,2.2365901
Algeria,2021-04-01,2.3685238
Algeria,2021-04-02,2.3905127
Algeria,2021-04-03,2.425067
Algeria,2021-04-04,2.4313495
Algeria,2021-04-05,2.4690447
Algeria,2021-04-06,2.4910338
Algeria,2021-04-07,2.5695658
Algeria,2021-04-08,2.550718
Algeria,2021-04-09,2.550718
Algeria,2021-04-10,2.5821307
Algeria,2021-04-11,2.6826518
Algeria,2021-04-12,2.8083029
Algeria,2021-04-13,2.845998
Algeria,2021-04-14,2.889976
Algeria,2021-04-15,3.0501812
Algeria,2021-04-16,3.2229517
Algeria,2021-04-17,3.3674505
Algeria,2021-04-18,3.4805365
Algeria,2021-04-19,3.5370793
Algeria,2021-04-20,3.6438828
Algeria,2021-04-21,3.747545
Algeria,2021-04-22,3.7663927
Algeria,2021-04-23,3.835501
Algeria,2021-04-24,3.8920438
Algeria,2021-04-25,3.9265978
Algeria,2021-04-26,4.0208364
Algeria,2021-04-27,4.105651
Algeria,2021-04-28,4.2470083
Algeria,2021-04-29,4.4166374
Algeria,2021-04-30,4.721341
Algeria,2021-05-01,4.856416
Algeria,2021-05-02,4.9475136
Algeria,2021-05-03,5.0260453
Algeria,2021-05-04,5.041752
Algeria,2021-05-05,5.198816
Algeria,2021-05-06,5.315043
Algeria,2021-05-07,5.048034
Algeria,2021-05-08,4.975785
Algeria,2021-05-09,4.9914913
Algeria,2021-05-10,4.9695024
Algeria,2021-05-11,4.9349484
Algeria,2021-05-12,4.661657
Algeria,2021-05-13,4.4292026
Algeria,2021-05-14,4.44805
Algeria,2021-05-15,4.2941275
Algeria,2021-05-16,4.064814
Algeria,2021-05-17,3.791523
Algeria,2021-05-18,3.7601101
Algeria,2021-05-19,3.8009467
Algeria,2021-05-20,3.8135118
Algeria,2021-05-21,3.9799995
Algeria,2021-05-22,4.3192577
Algeria,2021-05-23,4.5768423
Algeria,2021-05-24,4.86584
Algeria,2021-05-25,5.0951533
Algeria,2021-05-26,5.239652
Algeria,2021-05-27,5.497237
Algeria,2021-05-28,5.5600624
Algeria,2021-05-29,5.541215
Algeria,2021-05-30,5.670007
Algeria,2021-05-31,5.8584843
Algeria,2021-06-01,5.9872766
Algeria,2021-06-02,6.147482
Algeria,2021-06-03,6.263709
Algeria,2021-06-04,6.4396205
Algeria,2021-06-05,6.794585
Algeria,2021-06-06,6.989344
Algeria,2021-06-07,7.0144744
Algeria,2021-06-08,7.130702
Algeria,2021-06-09,7.316037
Algeria,2021-06-10,7.5202203
Algeria,2021-06-11,7.473101
Algeria,2021-06-12,7.4322643
Algeria,2021-06-13,7.5045137
Algeria,2021-06-14,7.6333065
Algeria,2021-06-15,7.7244034
Algeria,2021-06-16,7.752675
Algeria,2021-06-17,7.6144586
Algeria,2021-06-18,7.8060765
Algeria,2021-06-19,7.8280654
Algeria,2021-06-20,7.903456
Algeria,2021-06-21,7.978847
Algeria,2021-06-22,8.016542
Algeria,2021-06-23,8.054237
Algeria,2021-06-24,8.139052
Algeria,2021-06-25,8.051096
Algeria,2021-06-26,8.019684
Algeria,2021-06-27,7.93801
Algeria,2021-06-28,7.9694233
Algeria,2021-06-29,7.9976945
Algeria,2021-06-30,8.01026
Algeria,2021-07-01,8.095075
Algeria,2021-07-02,8.393496
Algeria,2021-07-03,8.726471
Algeria,2021-07-04,9.090859
Algeria,2021-07-05,9.442682
Algeria,2021-07-06,9.819636
Algeria,2021-07-07,10.108634
Algeria,2021-07-08,10.699194
Algeria,2021-07-09,11.236353
Algeria,2021-07-10,12.354648
Algeria,2021-07-11,13.472942
Algeria,2021-07-12,14.484434
Algeria,2021-07-13,15.687544
Algeria,2021-07-14,17.075989
Algeria,2021-07-15,18.10947
Algeria,2021-07-16,19.645555
Algeria,2021-07-17,20.795263
Algeria,2021-07-18,21.718798
Algeria,2021-07-19,22.702019
Algeria,2021-07-20,23.64126
Algeria,2021-07-21,24.81924
Algeria,2021-07-22,25.783613
Algeria,2021-07-23,26.094599
Algeria,2021-07-24,26.575214
Algeria,2021-07-25,27.197187
Algeria,2021-07-26,27.787748
Algeria,2021-07-27,28.818087
Algeria,2021-07-28,29.590841
Algeria,2021-07-29,31.808584
Algeria,2021-07-30,32.842064
Algeria,2021-07-31,33.379223
Algeria,2021-08-01,33.058815
Algeria,2021-08-02,32.697567
Algeria,2021-08-03,32.235798
Algeria,2021-08-04,31.491316
Algeria,2021-08-05,30.134283
Algeria,2021-08-06,29.355246
Algeria,2021-08-07,28.35632
Algeria,2021-08-08,28.158419
Algeria,2021-08-09,27.680944
Algeria,2021-08-10,26.531237
Algeria,2021-08-11,25.500898
Algeria,2021-08-12,23.455925
Algeria,2021-08-13,22.080046
Algeria,2021-08-14,21.002586
Algeria,2021-08-15,19.786913
Algeria,2021-08-16,18.477
Algeria,2021-08-17,17.591158
Algeria,2021-08-18,16.699036
Algeria,2021-08-19,16.312658
Algeria,2021-08-20,15.819478
Algeria,2021-08-21,14.933638
Algeria,2021-08-22,14.186013
Algeria,2021-08-23,13.586029
Algeria,2021-08-24,12.945208
Algeria,2021-08-25,12.448886
Algeria,2021-08-26,11.896021
Algeria,2021-08-27,11.296037
Algeria,2021-08-28,11.088713
Algeria,2021-08-29,10.994474
Algeria,2021-08-30,11.242635
Algeria,2021-08-31,10.947355
Algeria,2021-09-01,10.849976
Algeria,2021-09-02,10.54213
Algeria,2021-09-03,10.180883
Algeria,2021-09-04,9.807071
Algeria,2021-09-05,9.38614
Algeria,2021-09-06,8.927513
Algeria,2021-09-07,8.603961
Algeria,2021-09-08,8.057379
Algeria,2021-09-09,7.6490126
Algeria,2021-09-10,7.413417
Algeria,2021-09-11,7.0741587
Algeria,2021-09-12,6.794585
Algeria,2021-09-13,6.4835987
Algeria,2021-09-14,6.244861
Algeria,2021-09-15,5.915027
Algeria,2021-09-16,5.6794314
Algeria,2021-09-17,5.384151
Algeria,2021-09-18,5.227087
Algeria,2021-09-19,4.4040723
Algeria,2021-09-20,4.8124385
Algeria,2021-09-21,4.6019726
Algeria,2021-09-22,4.460615
Algeria,2021-09-23,4.2470083
Algeria,2021-09-24,4.064814
Algeria,2021-09-25,3.8480659
Algeria,2021-09-26,4.2407255
Algeria,2021-09-27,3.5245142
Algeria,2021-09-28,3.4899602
Algeria,2021-09-29,3.4459822
Algeria,2021-09-30,3.3800154
Algeria,2021-10-01,3.3800154
Algeria,2021-10-02,3.3548853
Algeria,2021-10-03,3.4020045
Algeria,2021-10-04,3.351744
Algeria,2021-10-05,3.2606468
Algeria,2021-10-06,3.1444197
Algeria,2021-10-07,3.0564637
Algeria,2021-10-08,2.8805523
Algeria,2021-10-09,2.7360535
Algeria,2021-10-10,2.616685
Algeria,2021-10-11,2.538153
Algeria,2021-10-12,2.450197
Algeria,2021-10-13,2.337111
Algeria,2021-10-14,2.2899919
Algeria,2021-10-15,2.2899919
Algeria,2021-10-16,2.2554379
Algeria,2021-10-17,2.2271664
Algeria,2021-10-18,2.1643407
Algeria,2021-10-19,2.1015153
Algeria,2021-10-20,2.0826676
Algeria,2021-10-21,1.975864
Algeria,2021-10-22,1.8659194
Algeria,2021-10-23,1.8125176
Algeria,2021-10-24,1.7308444
Algeria,2021-10-25,1.6837252
Algeria,2021-10-26,1.693149
Algeria,2021-10-27,1.6868665
Algeria,2021-10-28,1.6962903
Algeria,2021-10-29,1.7622571
Algeria,2021-10-30,1.8439304
Algeria,2021-10-31,1.9098972
Algeria,2021-11-01,1.9790053
Algeria,2021-11-02,2.0826676
Algeria,2021-11-03,2.0701025
Algeria,2021-11-04,2.1517756
Algeria,2021-11-05,2.2554379
Algeria,2021-11-06,2.2774267
Algeria,2021-11-07,2.2648616
Algeria,2021-11-08,2.2114599
Algeria,2021-11-09,2.1611996
Algeria,2021-11-10,2.311981
Algeria,2021-11-11,2.3716652
Algeria,2021-11-12,2.3433936
Algeria,2021-11-13,2.415643
Algeria,2021-11-14,2.494175
Algeria,2021-11-15,2.5570006
Algeria,2021-11-16,2.6700866
Algeria,2021-11-17,2.7014995
Algeria,2021-11-18,2.7360535
Algeria,2021-11-19,2.8522806
Algeria,2021-11-20,2.92453
Algeria,2021-11-21,3.0344748
Algeria,2021-11-22,3.0847354
Algeria,2021-11-23,3.1632674
Algeria,2021-11-24,3.2606468
Algeria,2021-11-25,3.4020045
Algeria,2021-11-26,3.430276
Algeria,2021-11-27,3.5245142
Algeria,2021-11-28,3.5841985
Algeria,2021-11-29,3.769534
Algeria,2021-11-30,3.8731961
Algeria,2021-12-01,3.9203153
Algeria,2021-12-02,3.9580107
Algeria,2021-12-03,4.074238
Algeria,2021-12-04,4.0679555
Algeria,2021-12-05,4.1370635
Algeria,2021-12-06,4.1370635
Algeria,2021-12-07,4.140205
Algeria,2021-12-08,4.1716175
Algeria,2021-12-09,4.1590524
Algeria,2021-12-10,4.093086
Algeria,2021-12-11,4.15277
Algeria,2021-12-12,4.256432
Algeria,2021-12-13,4.331823
Algeria,2021-12-14,4.3852243
Algeria,2021-12-15,4.488887
Algeria,2021-12-16,4.6679397
Algeria,2021-12-17,4.7778845
Algeria,2021-12-18,5.057458
Algeria,2021-12-19,5.271065
Algeria,2021-12-20,5.4783893
Algeria,2021-12-21,5.5820518
Algeria,2021-12-22,5.833354
Algeria,2021-12-23,5.959005
Algeria,2021-12-24,6.2134485
Algeria,2021-12-25,6.4521856
Algeria,2021-12-26,6.4270554
Algeria,2021-12-27,6.423914
Algeria,2021-12-28,6.580978
Algeria,2021-12-29,6.65951
Algeria,2021-12-30,6.964214
Algeria,2021-12-31,7.268918
Algeria,2022-01-01,7.3317437
Algeria,2022-01-02,7.671002
Algeria,2022-01-03,7.922304
Algeria,2022-01-04,8.173606
Algeria,2022-01-05,8.443756
Algeria,2022-01-06,8.695059
Algeria,2022-01-07,8.757884
Algeria,2022-01-08,9.059446
Algeria,2022-01-09,9.185098
Algeria,2022-01-10,9.417552
Algeria,2022-01-11,9.759952
Algeria,2022-01-12,10.187165
Algeria,2022-01-13,10.652075
Algeria,2022-01-14,11.176668
Algeria,2022-01-15,11.506502
Algeria,2022-01-16,11.754663
Algeria,2022-01-17,12.250985
Algeria,2022-01-18,12.910654
Algeria,2022-01-19,13.705398
Algeria,2022-01-20,16.058214
Algeria,2022-01-21,19.120962
Algeria,2022-01-22,23.07583
Algeria,2022-01-23,28.43485
Algeria,2022-01-24,33.338387
Algeria,2022-01-25,38.122555
Algeria,2022-01-26,43.49728
Algeria,2022-01-27,46.019726
Algeria,2022-01-28,47.83539
Algeria,2022-01-29,47.882507
Algeria,2022-01-30,46.409245
Algeria,2022-01-31,44.30459
Algeria,2022-02-01,41.565395
Algeria,2022-02-02,38.053444
Algeria,2022-02-03,35.549847
Algeria,2022-02-04,31.84628
Algeria,2022-02-05,29.019129
Algeria,2022-02-06,26.034914
Algeria,2022-02-07,22.623487
Algeria,2022-02-08,19.981672
Algeria,2022-02-09,17.490637
Algeria,2022-02-10,15.040441
Algeria,2022-02-11,13.680267
Algeria,2022-02-12,12.304387
Algeria,2022-02-13,11.396558
Algeria,2022-02-14,11.861467
Algeria,2022-02-15,11.581893
Algeria,2022-02-16,10.937931
Algeria,2022-02-17,10.432185
Algeria,2022-02-18,9.982983
Algeria,2022-02-19,9.304466
Algeria,2022-02-20,8.512864
Algeria,2022-02-21,7.2312226
Algeria,2022-02-22,6.3956428
Algeria,2022-02-23,5.6385946
Algeria,2022-02-24,4.69307
Algeria,2022-02-25,3.8763375
Algeria,2022-02-26,3.207245
Algeria,2022-02-27,2.6449564
Algeria,2022-02-28,2.5161638
Algeria,2022-03-01,2.3088396
Algeria,2022-03-02,2.0261245
Algeria,2022-03-03,1.8564955
Algeria,2022-03-04,1.6554537
Algeria,2022-03-05,1.5078136
Algeria,2022-03-06,1.410434
Algeria,2022-03-07,1.2879242
Algeria,2022-03-08,1.1340015
Algeria,2022-03-09,0.9832201
Algeria,2022-03-10,0.83872133
Algeria,2022-03-11,0.7413417
Algeria,2022-03-12,0.6439621
Algeria,2022-03-13,0.57485396
Algeria,2022-03-14,0.5245935
Algeria,2022-03-15,0.50260454
Algeria,2022-03-16,0.48689815
Algeria,2022-03-17,0.47119176
Algeria,2022-03-18,0.45548534
Algeria,2022-03-19,0.41779003
Algeria,2022-03-20,0.40522492
Algeria,2022-03-21,0.37067086
Algeria,2022-03-22,0.32983422
Algeria,2022-03-23,0.29842144
Algeria,2022-03-24,0.27957377
Algeria,2022-03-25,0.27643248
Algeria,2022-03-26,0.27643248
Algeria,2022-03-27,0.2575848
Algeria,2022-03-28,0.24816099
Algeria,2022-03-29,0.24816099
Algeria,2022-03-30,0.2450197
Algeria,2022-03-31,0.24187844
Algeria,2022-04-01,0.22617204
Algeria,2022-04-02,0.21046565
Algeria,2022-04-03,0.19790053
Algeria,2022-04-04,0.19475925
Algeria,2022-04-05,0.16648775
Algeria,2022-04-06,0.15078136
Algeria,2022-04-07,0.13507497
Algeria,2022-04-08,0.11308602
Algeria,2022-04-09,0.10994474
Algeria,2022-04-10,0.11308602
Algeria,2022-04-11,0.103662185
Algeria,2022-04-12,0.103662185
Algeria,2022-04-13,0.097379625
Algeria,2022-04-14,0.081673235
Algeria,2022-04-15,0.081673235
Algeria,2022-04-16,0.07539068
Algeria,2022-04-17,0.059684288
Algeria,2022-04-18,0.047119174
Algeria,2022-04-19,0.043977898
Algeria,2022-04-20,0.050260454
Algeria,2022-04-21,0.047119174
Algeria,2022-04-22,0.065966845
Algeria,2022-04-23,0.072249405
Algeria,2022-04-24,0.06910812
Algeria,2022-04-25,0.087955795
Algeria,2022-04-26,0.09423835
Algeria,2022-04-27,0.081673235
Algeria,2022-04-28,0.08481451
Algeria,2022-04-29,0.06910812
Algeria,2022-04-30,0.05654301
Algeria,2022-05-01,0.059684288
Algeria,2022-05-02,0.047119174
Algeria,2022-05-03,0.03455406
Algeria,2022-05-04,0.031412784
Algeria,2022-05-05,0.028271506
Algeria,2022-05-06,0.031412784
Algeria,2022-05-07,0.03769534
Algeria,2022-05-08,0.043977898
Algeria,2022-05-09,0.050260454
Algeria,2022-05-10,0.05654301
Algeria,2022-05-11,0.06910812
Algeria,2022-05-12,0.07539068
Algeria,2022-05-13,0.06910812
Algeria,2022-05-14,0.072249405
Algeria,2022-05-15,0.06910812
Algeria,2022-05-16,0.06910812
Algeria,2022-05-17,0.072249405
Algeria,2022-05-18,0.07539068
Algeria,2022-05-19,0.087955795
Algeria,2022-05-20,0.103662185
Algeria,2022-05-21,0.103662185
Algeria,2022-05-22,0.10994474
Algeria,2022-05-23,0.10680346
Algeria,2022-05-24,0.10052091
Algeria,2022-05-25,0.10052091
Algeria,2022-05-26,0.087955795
Algeria,2022-05-27,0.072249405
Algeria,2022-05-28,0.072249405
Algeria,2022-05-29,0.06910812
Algeria,2022-05-30,0.059684288
Algeria,2022-05-31,0.06910812
Algeria,2022-06-01,0.07539068
Algeria,2022-06-02,0.07853196
Algeria,2022-06-03,0.07853196
Algeria,2022-06-04,0.081673235
Algeria,2022-06-05,0.072249405
Algeria,2022-06-06,0.07539068
Algeria,2022-06-07,0.072249405
Algeria,2022-06-08,0.06282557
Algeria,2022-06-09,0.06910812
Algeria,2022-06-10,0.097379625
Algeria,2022-06-11,0.09109707
Algeria,2022-06-12,0.09109707
Algeria,2022-06-13,0.09423835
Algeria,2022-06-14,0.1162273
Algeria,2022-06-15,0.12250985
Algeria,2022-06-16,0.13507497
Algeria,2022-06-17,0.13821624
Algeria,2022-06-18,0.13507497
Algeria,2022-06-19,0.14449881
Algeria,2022-06-20,0.15078136
Algeria,2022-06-21,0.15078136
Algeria,2022-06-22,0.15706392
Algeria,2022-06-23,0.16962902
Algeria,2022-06-24,0.1602052
Algeria,2022-06-25,0.17905286
Algeria,2022-06-26,0.18533543
Algeria,2022-06-27,0.19790053
Algeria,2022-06-28,0.20104182
Algeria,2022-06-29,0.21674821
Algeria,2022-06-30,0.21046565
Algeria,2022-07-01,0.22617204
Algeria,2022-07-02,0.25130227
Algeria,2022-07-03,0.26700866
Algeria,2022-07-04,0.28271505
Algeria,2022-07-05,0.30784526
Algeria,2022-07-06,0.3204104
Algeria,2022-07-07,0.33925804
Algeria,2022-07-08,0.361247
Algeria,2022-07-09,0.38637725
Algeria,2022-07-10,0.41150746
Algeria,2022-07-11,0.40522492
Algeria,2022-07-12,0.39894235
Algeria,2022-07-13,0.4366377
Algeria,2022-07-14,0.4617679
Algeria,2022-07-15,0.48375687
Algeria,2022-07-16,0.5151696
Algeria,2022-07-17,0.55914754
Algeria,2022-07-18,0.5905603
Algeria,2022-07-19,0.6690923
Algeria,2022-07-20,0.7507655
Algeria,2022-07-21,0.8261562
Algeria,2022-07-22,0.93610096
Algeria,2022-07-23,0.96751374
Algeria,2022-07-24,1.0931648
Algeria,2022-07-25,1.2376636
Algeria,2022-07-26,1.3476084
Algeria,2022-07-27,1.4701183
Algeria,2022-07-28,1.5863456
Algeria,2022-07-29,1.6962903
Algeria,2022-07-30,1.8439304
Algeria,2022-07-31,1.8910495
Algeria,2022-08-01,1.9318862
Algeria,2022-08-02,1.9790053
Algeria,2022-08-03,2.032407
Algeria,2022-08-04,2.1392105
Algeria,2022-08-05,2.224025
Algeria,2022-08-06,2.3433936
Algeria,2022-08-07,2.4093604
Algeria,2022-08-08,2.5130227
Algeria,2022-08-09,2.5444355
Algeria,2022-08-10,2.5789895
Algeria,2022-08-11,2.5350115
Algeria,2022-08-12,2.5632832
Algeria,2022-08-13,2.616685
Algeria,2022-08-14,2.7234883
Algeria,2022-08-15,2.7863138
Algeria,2022-08-16,2.8679872
Algeria,2022-08-17,2.8365743
Algeria,2022-08-18,2.7925963
Algeria,2022-08-19,2.6323912
Algeria,2022-08-20,2.462762
Algeria,2022-08-21,2.2711442
Algeria,2022-08-22,2.0858088
Algeria,2022-08-23,1.9632989
Algeria,2022-08-24,1.8533542
Algeria,2022-08-25,1.7905287
Algeria,2022-08-26,1.6994315
Algeria,2022-08-27,1.5549328
Algeria,2022-08-28,1.3947276
Algeria,2022-08-29,1.2219573
Algeria,2022-08-30,1.0711759
Algeria,2022-08-31,0.94552475
Algeria,2022-09-01,0.81987363
Algeria,2022-09-02,0.8230149
Algeria,2022-09-03,0.81673235
Algeria,2022-09-04,0.78846085
Algeria,2022-09-05,0.7821783
Algeria,2022-09-06,0.70992893
Algeria,2022-09-07,0.6408208
Algeria,2022-09-08,0.58113647
Algeria,2022-09-09,0.4649092
Algeria,2022-09-10,0.36752957
Algeria,2022-09-11,0.3329755
Algeria,2022-09-12,0.30156273
Algeria,2022-09-13,0.28271505
Algeria,2022-09-14,0.26700866
Algeria,2022-09-15,0.25444356
Algeria,2022-09-16,0.24187844
Algeria,2022-09-17,0.24187844
Algeria,2022-09-18,0.2324546
Algeria,2022-09-19,0.21988948
Algeria,2022-09-20,0.19161798
Algeria,2022-09-21,0.17905286
Algeria,2022-09-22,0.1727703
Algeria,2022-09-23,0.14764008
Algeria,2022-09-24,0.1162273
Algeria,2022-09-25,0.1162273
Algeria,2022-09-26,0.119368576
Algeria,2022-09-27,0.13507497
Algeria,2022-09-28,0.13193369
Algeria,2022-09-29,0.13507497
Algeria,2022-09-30,0.13507497
Algeria,2022-10-01,0.13507497
Algeria,2022-10-02,0.12250985
Algeria,2022-10-03,0.119368576
Algeria,2022-10-04,0.103662185
Algeria,2022-10-05,0.11308602
Algeria,2022-10-06,0.097379625
Algeria,2022-10-07,0.09109707
Algeria,2022-10-08,0.087955795
Algeria,2022-10-09,0.07853196
Algeria,2022-10-10,0.087955795
Algeria,2022-10-11,0.097379625
Algeria,2022-10-12,0.081673235
Algeria,2022-10-13,0.09109707
Algeria,2022-10-14,0.09109707
Algeria,2022-10-15,0.09109707
Algeria,2022-10-16,0.09109707
Algeria,2022-10-17,0.103662185
Algeria,2022-10-18,0.13821624
Algeria,2022-10-19,0.15706392
Algeria,2022-10-20,0.14449881
Algeria,2022-10-21,0.13507497
Algeria,2022-10-22,0.1287924
Algeria,2022-10-23,0.1287924
Algeria,2022-10-24,0.097379625
Algeria,2022-10-25,0.1162273
Algeria,2022-10-26,0.119368576
Algeria,2022-10-27,0.13507497
Algeria,2022-10-28,0.1602052
Algeria,2022-10-29,0.16334647
Algeria,2022-10-30,0.18533543
Algeria,2022-10-31,0.19161798
Algeria,2022-11-01,0.12250985
Algeria,2022-11-02,0.09423835
Algeria,2022-11-03,0.09423835
Algeria,2022-11-04,0.065966845
Algeria,2022-11-05,0.05654301
Algeria,2022-11-06,0.03455406
Algeria,2022-11-07,0.10994474
Algeria,2022-11-08,0.13193369
Algeria,2022-11-09,0.1287924
Algeria,2022-11-10,0.10680346
Algeria,2022-11-11,0.10680346
Algeria,2022-11-12,0.10680346
Algeria,2022-11-13,0.10680346
Algeria,2022-11-14,0.20732437
Algeria,2022-11-15,0.22303076
Algeria,2022-11-16,0.22303076
Algeria,2022-11-17,0.22303076
Algeria,2022-11-18,0.22303076
Algeria,2022-11-19,0.22303076
Algeria,2022-11-20,0.22303076
Algeria,2022-11-21,0.26386738
Algeria,2022-11-22,0.23873715
Algeria,2022-11-23,0.23873715
Algeria,2022-11-24,0.23873715
Algeria,2022-11-25,0.23873715
Algeria,2022-11-26,0.23873715
Algeria,2022-11-27,0.34239933
Algeria,2022-11-28,0.119368576
Algeria,2022-11-29,0.1602052
Algeria,2022-11-30,0.16962902
Algeria,2022-12-01,0.16962902
Algeria,2022-12-02,0.21360692
Algeria,2022-12-03,0.22617204
Algeria,2022-12-04,0.1287924
Algeria,2022-12-05,0.14449881
Algeria,2022-12-06,0.10680346
Algeria,2022-12-07,0.12565114
Algeria,2022-12-08,0.14449881
Algeria,2022-12-09,0.12250985
Algeria,2022-12-10,0.12565114
Algeria,2022-12-11,0.13821624
Algeria,2022-12-12,0.12250985
Algeria,2022-12-13,0.10680346
Algeria,2022-12-14,0.07853196
Algeria,2022-12-15,0.087955795
Algeria,2022-12-16,0.065966845
Algeria,2022-12-17,0.050260454
Algeria,2022-12-18,0.06910812
Algeria,2022-12-19,0.087955795
Algeria,2022-12-20,0.10052091
Algeria,2022-12-21,0.10994474
Algeria,2022-12-22,0.09423835
Algeria,2022-12-23,0.10680346
Algeria,2022-12-24,0.1162273
Algeria,2022-12-25,0.081673235
Algeria,2022-12-26,0.07539068
Algeria,2022-12-27,0.059684288
Algeria,2022-12-28,0.06282557
Algeria,2022-12-29,0.06910812
Algeria,2022-12-30,0.08481451
Algeria,2022-12-31,0.07539068
Algeria,2023-01-01,0.072249405
Algeria,2023-01-02,0.097379625
Algeria,2023-01-03,0.097379625
Algeria,2023-01-04,0.08481451
Algeria,2023-01-05,0.087955795
Algeria,2023-01-06,0.08481451
Algeria,2023-01-07,0.103662185
Algeria,2023-01-08,0.1162273
Algeria,2023-01-09,0.07853196
Algeria,2023-01-10,0.081673235
Algeria,2023-01-11,0.103662185
Algeria,2023-01-12,0.10052091
Algeria,2023-01-13,0.103662185
Algeria,2023-01-14,0.11308602
Algeria,2023-01-15,0.103662185
Algeria,2023-01-16,0.103662185
Algeria,2023-01-17,0.10052091
Algeria,2023-01-18,0.09423835
Algeria,2023-01-19,0.087955795
Algeria,2023-01-20,0.09423835
Algeria,2023-01-21,0.09423835
Algeria,2023-01-22,0.1287924
Algeria,2023-01-23,0.15078136
Algeria,2023-01-24,0.18533543
Algeria,2023-01-25,0.19475925
Algeria,2023-01-26,0.20104182
Algeria,2023-01-27,0.17905286
Algeria,2023-01-28,0.16648775
Algeria,2023-01-29,0.1287924
Algeria,2023-01-30,0.1287924
Algeria,2023-01-31,0.09423835
Algeria,2023-02-01,0.07539068
Algeria,2023-02-02,0.07853196
Algeria,2023-02-03,0.06910812
Algeria,2023-02-04,0.07853196
Algeria,2023-02-05,0.07853196
Algeria,2023-02-06,0.05654301
Algeria,2023-02-07,0.059684288
Algeria,2023-02-08,0.065966845
Algeria,2023-02-09,0.05654301
Algeria,2023-02-10,0.06282557
Algeria,2023-02-11,0.047119174
Algeria,2023-02-12,0.047119174
Algeria,2023-02-13,0.047119174
Algeria,2023-02-14,0.047119174
Algeria,2023-02-15,0.05340173
Algeria,2023-02-16,0.05654301
Algeria,2023-02-17,0.05654301
Algeria,2023-02-18,0.047119174
Algeria,2023-02-19,0.050260454
Algeria,2023-02-20,0.050260454
Algeria,2023-02-21,0.050260454
Algeria,2023-02-22,0.03769534
Algeria,2023-02-23,0.031412784
Algeria,2023-02-24,0.025130227
Algeria,2023-02-25,0.03769534
Algeria,2023-02-26,0.043977898
Algeria,2023-02-27,0.047119174
Algeria,2023-02-28,0.043977898
Algeria,2023-03-01,0.040836617
Algeria,2023-03-02,0.05340173
Algeria,2023-03-03,0.097379625
Algeria,2023-03-04,0.103662185
Algeria,2023-03-05,0.09423835
Algeria,2023-03-06,0.1162273
Algeria,2023-03-07,0.1162273
Algeria,2023-03-08,0.15392263
Algeria,2023-03-09,0.14449881
Algeria,2023-03-10,0.103662185
Algeria,2023-03-11,0.09423835
Algeria,2023-03-12,0.10680346
Algeria,2023-03-13,0.14135753
Algeria,2023-03-14,0.14135753
Algeria,2023-03-15,0.14135753
Algeria,2023-03-16,0.14135753
Algeria,2023-03-17,0.14449881
Algeria,2023-03-18,0.13821624
Algeria,2023-03-19,0.14135753
Algeria,2023-03-20,0.08481451
Algeria,2023-03-21,0.08481451
Algeria,2023-03-22,0.05340173
Algeria,2023-03-23,0.05654301
Algeria,2023-03-24,0.06282557
Algeria,2023-03-25,0.06282557
Algeria,2023-03-26,0.06282557
Algeria,2023-03-27,0.059684288
Algeria,2023-03-28,0.06282557
Algeria,2023-03-29,0.081673235
Algeria,2023-03-30,0.072249405
Algeria,2023-03-31,0.059684288
Algeria,2023-04-01,0.065966845
Algeria,2023-04-02,0.07539068
Algeria,2023-04-03,0.07539068
Algeria,2023-04-04,0.072249405
Algeria,2023-04-05,0.050260454
Algeria,2023-04-06,0.059684288
Algeria,2023-04-07,0.059684288
Algeria,2023-04-08,0.059684288
Algeria,2023-04-09,0.065966845
Algeria,2023-04-10,0.065966845
Algeria,2023-04-11,0.065966845
Algeria,2023-04-12,0.072249405
Algeria,2023-04-13,0.072249405
Algeria,2023-04-14,0.09109707
Algeria,2023-04-15,0.10052091
Algeria,2023-04-16,0.09109707
Algeria,2023-04-17,0.097379625
Algeria,2023-04-18,0.097379625
Algeria,2023-04-19,0.10994474
Algeria,2023-04-20,0.12565114
Algeria,2023-04-21,0.1162273
Algeria,2023-04-22,0.097379625
Algeria,2023-04-23,0.09109707
Algeria,2023-04-24,0.09109707
Algeria,2023-04-25,0.09109707
Algeria,2023-04-26,0.09109707
Algeria,2023-04-27,0.081673235
Algeria,2023-04-28,0.097379625
Algeria,2023-04-29,0.1287924
Algeria,2023-04-30,0.1287924
Algeria,2023-05-01,0.12250985
Algeria,2023-05-02,0.14449881
Algeria,2023-05-03,0.1602052
Algeria,2023-05-04,0.16962902
Algeria,2023-05-05,0.15078136
Algeria,2023-05-06,0.13821624
Algeria,2023-05-07,0.16648775
Algeria,2023-05-08,0.21988948
Algeria,2023-05-09,0.21988948
Algeria,2023-05-10,0.18533543
Algeria,2023-05-11,0.16648775
Algeria,2023-05-12,0.16648775
Algeria,2023-05-13,0.16648775
Algeria,2023-05-14,0.15078136
Algeria,2023-05-15,0.10994474
Algeria,2023-05-16,0.087955795
Algeria,2023-05-17,0.081673235
Algeria,2023-05-18,0.06910812
Algeria,2023-05-19,0.06910812
Algeria,2023-05-20,0.05340173
Algeria,2023-05-21,0.028271506
Algeria,2023-05-22,0.015706392
Algeria,2023-05-23,0.015706392
Algeria,2023-05-24,0.015706392
Algeria,2023-05-25,0.031412784
Algeria,2023-05-26,0.031412784
Algeria,2023-05-27,0.028271506
Algeria,2023-05-28,0.040836617
Algeria,2023-05-29,0.040836617
Algeria,2023-05-30,0.040836617
Algeria,2023-05-31,0.047119174
Algeria,2023-06-01,0.03455406
Algeria,2023-06-02,0.03455406
Algeria,2023-06-03,0.03455406
Algeria,2023-06-04,0.01884767
Algeria,2023-06-05,0.01884767
Algeria,2023-06-06,0.01884767
Algeria,2023-06-07,0.012565114
Algeria,2023-06-08,0.009423835
Algeria,2023-06-09,0.0
Algeria,2023-06-10,0.0
Algeria,2023-06-11,0.0
Algeria,2023-06-12,0.01884767
Algeria,2023-06-13,0.01884767
Algeria,2023-06-14,0.01884767
Algeria,2023-06-15,0.01884767
Algeria,2023-06-16,0.01884767
Algeria,2023-06-17,0.01884767
Algeria,2023-06-18,0.01884767
Algeria,2023-06-19,0.0
Algeria,2023-06-20,0.0
Algeria,2023-06-21,0.0
Algeria,2023-06-22,0.0
Algeria,2023-06-23,0.0
Algeria,2023-06-24,0.0
Algeria,2023-06-25,0.0
Algeria,2023-06-26,0.015706392
Algeria,2023-06-27,0.015706392
Algeria,2023-06-28,0.015706392
Algeria,2023-06-29,0.015706392
Algeria,2023-06-30,0.015706392
Algeria,2023-07-01,0.015706392
Algeria,2023-07-02,0.015706392
Algeria,2023-07-03,0.0
Algeria,2023-07-04,0.0
Algeria,2023-07-05,0.0
Algeria,2023-07-06,0.0
Algeria,2023-07-07,0.0
Algeria,2023-07-08,0.0
Algeria,2023-07-09,0.0
Algeria,2023-07-10,0.0
Algeria,2023-07-11,0.0
Algeria,2023-07-12,0.0
Algeria,2023-07-13,0.0
Algeria,2023-07-14,0.0
Algeria,2023-07-15,0.0
Algeria,2023-07-16,0.0
Algeria,2023-07-17,0.0
Algeria,2023-07-18,0.0
Algeria,2023-07-19,0.0
Algeria,2023-07-20,0.0
Algeria,2023-07-21,0.0
Algeria,2023-07-22,0.0
Algeria,2023-07-23,0.0
Algeria,2023-07-24,0.0
Algeria,2023-07-25,0.0
Algeria,2023-07-26,0.0
Algeria,2023-07-27,0.0
Algeria,2023-07-28,0.0
Algeria,2023-07-29,0.0
Algeria,2023-07-30,0.0
Algeria,2023-07-31,0.0
Algeria,2023-08-01,0.0
Algeria,2023-08-02,0.0
Algeria,2023-08-03,0.0
Algeria,2023-08-04,0.0
Algeria,2023-08-05,0.0
Algeria,2023-08-06,0.0
Algeria,2023-08-07,0.0
Algeria,2023-08-08,0.05340173
Algeria,2023-08-09,0.05340173
Algeria,2023-08-10,0.05340173
Algeria,2023-08-11,0.05340173
Algeria,2023-08-12,0.05340173
Algeria,2023-08-13,0.05340173
Algeria,2023-08-14,0.05340173
Algeria,2023-08-15,0.0
Algeria,2023-08-16,0.0
Algeria,2023-08-17,0.0
Algeria,2023-08-18,0.0
Algeria,2023-08-19,0.0
Algeria,2023-08-20,0.0
Algeria,2023-08-21,0.0
Algeria,2023-08-22,0.006282557
Algeria,2023-08-23,0.006282557
Algeria,2023-08-24,0.006282557
Algeria,2023-08-25,0.006282557
Algeria,2023-08-26,0.006282557
Algeria,2023-08-27,0.006282557
Algeria,2023-08-28,0.006282557
Algeria,2023-08-29,0.006282557
Algeria,2023-08-30,0.006282557
Algeria,2023-08-31,0.006282557
Algeria,2023-09-01,0.006282557
Algeria,2023-09-02,0.006282557
Algeria,2023-09-03,0.006282557
Algeria,2023-09-04,0.006282557
Algeria,2023-09-05,0.012565114
Algeria,2023-09-06,0.012565114
Algeria,2023-09-07,0.012565114
Algeria,2023-09-08,0.012565114
Algeria,2023-09-09,0.012565114
Algeria,2023-09-10,0.012565114
Algeria,2023-09-11,0.012565114
Algeria,2023-09-12,0.031412784
Algeria,2023-09-13,0.031412784
Algeria,2023-09-14,0.031412784
Algeria,2023-09-15,0.031412784
Algeria,2023-09-16,0.031412784
Algeria,2023-09-17,0.031412784
Algeria,2023-09-18,0.031412784
Algeria,2023-09-19,0.025130227
Algeria,2023-09-20,0.025130227
Algeria,2023-09-21,0.025130227
Algeria,2023-09-22,0.025130227
Algeria,2023-09-23,0.025130227
Algeria,2023-09-24,0.025130227
Algeria,2023-09-25,0.025130227
Algeria,2023-09-26,0.047119174
Algeria,2023-09-27,0.047119174
Algeria,2023-09-28,0.047119174
Algeria,2023-09-29,0.047119174
Algeria,2023-09-30,0.047119174
Algeria,2023-10-01,0.047119174
Algeria,2023-10-02,0.07539068
Algeria,2023-10-03,0.028271506
Algeria,2023-10-04,0.028271506
Algeria,2023-10-05,0.028271506
Algeria,2023-10-06,0.028271506
Algeria,2023-10-07,0.028271506
Algeria,2023-10-08,0.028271506
Algeria,2023-10-09,0.021988949
Algeria,2023-10-10,0.021988949
Algeria,2023-10-11,0.021988949
Algeria,2023-10-12,0.021988949
Algeria,2023-10-13,0.021988949
Algeria,2023-10-14,0.021988949
Algeria,2023-10-15,0.021988949
Algeria,2023-10-16,0.025130227
Algeria,2023-10-17,0.025130227
Algeria,2023-10-18,0.025130227
Algeria,2023-10-19,0.025130227
Algeria,2023-10-20,0.025130227
Algeria,2023-10-21,0.025130227
Algeria,2023-10-22,0.025130227
Algeria,2023-10-23,0.01884767
Algeria,2023-10-24,0.01884767
Algeria,2023-10-25,0.01884767
Algeria,2023-10-26,0.01884767
Algeria,2023-10-27,0.01884767
Algeria,2023-10-28,0.01884767
Algeria,2023-10-29,0.01884767
Algeria,2023-10-30,0.06282557
Algeria,2023-10-31,0.06282557
Algeria,2023-11-01,0.06282557
Algeria,2023-11-02,0.06282557
Algeria,2023-11-03,0.06282557
Algeria,2023-11-04,0.06282557
Algeria,2023-11-05,0.06282557
Algeria,2023-11-06,0.01884767
Algeria,2023-11-07,0.01884767
Algeria,2023-11-08,0.01884767
Algeria,2023-11-09,0.01884767
Algeria,2023-11-10,0.01884767
Algeria,2023-11-11,0.01884767
Algeria,2023-11-12,0.01884767
Algeria,2023-11-13,0.03769534
Algeria,2023-11-14,0.03769534
Algeria,2023-11-15,0.03769534
Algeria,2023-11-16,0.03769534
Algeria,2023-11-17,0.03769534
Algeria,2023-11-18,0.03769534
Algeria,2023-11-19,0.03769534
Algeria,2023-11-20,0.040836617
Algeria,2023-11-21,0.040836617
Algeria,2023-11-22,0.040836617
Algeria,2023-11-23,0.040836617
Algeria,2023-11-24,0.040836617
Algeria,2023-11-25,0.040836617
Algeria,2023-11-26,0.040836617
Algeria,2023-11-27,0.059684288
Algeria,2023-11-28,0.059684288
Algeria,2023-11-29,0.059684288
Algeria,2023-11-30,0.059684288
Algeria,2023-12-01,0.059684288
Algeria,2023-12-02,0.059684288
Algeria,2023-12-03,0.059684288
Algeria,2023-12-04,0.0
Algeria,2023-12-05,0.0
Algeria,2023-12-06,0.0
Algeria,2023-12-07,0.0
Algeria,2023-12-08,0.0
Algeria,2023-12-09,0.0
Algeria,2023-12-10,0.0
Algeria,2023-12-11,0.0
Algeria,2023-12-12,0.0
Algeria,2023-12-13,0.0
Algeria,2023-12-14,0.0
Algeria,2023-12-15,0.0
Algeria,2023-12-16,0.0
Algeria,2023-12-17,0.0
Algeria,2023-12-18,0.0
Algeria,2023-12-19,0.0
Algeria,2023-12-20,0.0
Algeria,2023-12-21,0.0
Algeria,2023-12-22,0.0
Algeria,2023-12-23,0.0
Algeria,2023-12-24,0.0
Algeria,2023-12-25,0.0
Algeria,2023-12-26,0.0
Algeria,2023-12-27,0.0
Algeria,2023-12-28,0.0
Algeria,2023-12-29,0.0
Algeria,2023-12-30,0.0
Algeria,2023-12-31,0.0
Algeria,2024-01-01,0.0
Algeria,2024-01-02,0.0
Algeria,2024-01-03,0.0
Algeria,2024-01-04,0.0
Algeria,2024-01-05,0.0
Algeria,2024-01-06,0.0
Algeria,2024-01-07,0.0
Algeria,2024-01-08,0.0
Algeria,2024-01-09,0.0
Algeria,2024-01-10,0.0
Algeria,2024-01-11,0.0
Algeria,2024-01-12,0.0
Algeria,2024-01-13,0.0
Algeria,2024-01-14,0.0
Algeria,2024-01-15,0.0
Algeria,2024-01-16,0.0
Algeria,2024-01-17,0.0
Algeria,2024-01-18,0.0
Algeria,2024-01-19,0.0
Algeria,2024-01-20,0.0
Algeria,2024-01-21,0.0
Algeria,2024-01-22,0.0
Algeria,2024-01-23,0.0
Algeria,2024-01-24,0.0
Algeria,2024-01-25,0.0
Algeria,2024-01-26,0.0
Algeria,2024-01-27,0.0
Algeria,2024-01-28,0.0
Algeria,2024-01-29,0.0
Algeria,2024-01-30,0.0
Algeria,2024-01-31,0.0
Algeria,2024-02-01,0.0
Algeria,2024-02-02,0.0
Algeria,2024-02-03,0.0
Algeria,2024-02-04,0.0
Algeria,2024-02-05,0.0
Algeria,2024-02-06,0.0
Algeria,2024-02-07,0.0
Algeria,2024-02-08,0.0
Algeria,2024-02-09,0.0
Algeria,2024-02-10,0.0
Algeria,2024-02-11,0.0
Algeria,2024-02-12,0.0
Algeria,2024-02-13,0.0
Algeria,2024-02-14,0.0
Algeria,2024-02-15,0.0
Algeria,2024-02-16,0.0
Algeria,2024-02-17,0.0
Algeria,2024-02-18,0.0
Algeria,2024-02-19,0.0
Algeria,2024-02-20,0.0
Algeria,2024-02-21,0.0
Algeria,2024-02-22,0.0
Algeria,2024-02-23,0.0
Algeria,2024-02-24,0.0
Algeria,2024-02-25,0.0
Algeria,2024-02-26,0.0
Algeria,2024-02-27,0.0
Algeria,2024-02-28,0.0
Algeria,2024-02-29,0.0
Algeria,2024-03-01,0.0
Algeria,2024-03-02,0.0
Algeria,2024-03-03,0.0
Algeria,2024-03-04,0.0
Algeria,2024-03-05,0.0
Algeria,2024-03-06,0.0
Algeria,2024-03-07,0.0
Algeria,2024-03-08,0.0
Algeria,2024-03-09,0.0
Algeria,2024-03-10,0.0
Algeria,2024-03-11,0.0031412784
Algeria,2024-03-12,0.0031412784
Algeria,2024-03-13,0.0031412784
Algeria,2024-03-14,0.0031412784
Algeria,2024-03-15,0.0031412784
Algeria,2024-03-16,0.0031412784
Algeria,2024-03-17,0.0031412784
Algeria,2024-03-18,0.009423835
Algeria,2024-03-19,0.009423835
Algeria,2024-03-20,0.009423835
Algeria,2024-03-21,0.009423835
Algeria,2024-03-22,0.009423835
Algeria,2024-03-23,0.009423835
Algeria,2024-03-24,0.009423835
Algeria,2024-03-25,0.006282557
Algeria,2024-03-26,0.006282557
Algeria,2024-03-27,0.006282557
Algeria,2024-03-28,0.006282557
Algeria,2024-03-29,0.006282557
Algeria,2024-03-30,0.006282557
Algeria,2024-03-31,0.006282557
Algeria,2024-04-01,0.006282557
Algeria,2024-04-02,0.006282557
Algeria,2024-04-03,0.006282557
Algeria,2024-04-04,0.006282557
Algeria,2024-04-05,0.006282557
Algeria,2024-04-06,0.006282557
Algeria,2024-04-07,0.006282557
Algeria,2024-04-08,0.0031412784
Algeria,2024-04-09,0.0031412784
Algeria,2024-04-10,0.0031412784
Algeria,2024-04-11,0.0031412784
Algeria,2024-04-12,0.0031412784
Algeria,2024-04-13,0.0031412784
Algeria,2024-04-14,0.0031412784
Algeria,2024-04-15,0.006282557
Algeria,2024-04-16,0.006282557
Algeria,2024-04-17,0.006282557
Algeria,2024-04-18,0.006282557
Algeria,2024-04-19,0.006282557
Algeria,2024-04-20,0.006282557
Algeria,2024-04-21,0.006282557
Algeria,2024-04-22,0.012565114
Algeria,2024-04-23,0.012565114
Algeria,2024-04-24,0.012565114
Algeria,2024-04-25,0.012565114
Algeria,2024-04-26,0.012565114
Algeria,2024-04-27,0.012565114
Algeria,2024-04-28,0.012565114
Algeria,2024-04-29,0.0
Algeria,2024-04-30,0.0
Algeria,2024-05-01,0.0
Algeria,2024-05-02,0.0
Algeria,2024-05-03,0.0
Algeria,2024-05-04,0.0
Algeria,2024-05-05,0.0
Algeria,2024-05-06,0.0
Algeria,2024-05-07,0.0
Algeria,2024-05-08,0.0
Algeria,2024-05-09,0.0
Algeria,2024-05-10,0.0
Algeria,2024-05-11,0.0
Algeria,2024-05-12,0.0
Algeria,2024-05-13,0.0031412784
Algeria,2024-05-14,0.0031412784
Algeria,2024-05-15,0.0031412784
Algeria,2024-05-16,0.0031412784
Algeria,2024-05-17,0.0031412784
Algeria,2024-05-18,0.0031412784
Algeria,2024-05-19,0.0031412784
Algeria,2024-05-20,0.012565114
Algeria,2024-05-21,0.012565114
Algeria,2024-05-22,0.012565114
Algeria,2024-05-23,0.012565114
Algeria,2024-05-24,0.012565114
Algeria,2024-05-25,0.012565114
Algeria,2024-05-26,0.012565114
Algeria,2024-05-27,0.0031412784
Algeria,2024-05-28,0.0031412784
Algeria,2024-05-29,0.0031412784
Algeria,2024-05-30,0.0031412784
Algeria,2024-05-31,0.0031412784
Algeria,2024-06-01,0.0031412784
Algeria,2024-06-02,0.0031412784
Algeria,2024-06-03,0.0031412784
Algeria,2024-06-04,0.0031412784
Algeria,2024-06-05,0.0031412784
Algeria,2024-06-06,0.0031412784
Algeria,2024-06-07,0.0031412784
Algeria,2024-06-08,0.0031412784
Algeria,2024-06-09,0.0031412784
Algeria,2024-06-10,0.0031412784
Algeria,2024-06-11,0.0031412784
Algeria,2024-06-12,0.0031412784
Algeria,2024-06-13,0.0031412784
Algeria,2024-06-14,0.0031412784
Algeria,2024-06-15,0.0031412784
Algeria,2024-06-16,0.0031412784
Algeria,2024-06-17,0.006282557
Algeria,2024-06-18,0.006282557
Algeria,2024-06-19,0.006282557
Algeria,2024-06-20,0.006282557
Algeria,2024-06-21,0.006282557
Algeria,2024-06-22,0.006282557
Algeria,2024-06-23,0.006282557
Algeria,2024-06-24,0.0031412784
Algeria,2024-06-25,0.0031412784
Algeria,2024-06-26,0.0031412784
Algeria,2024-06-27,0.0031412784
Algeria,2024-06-28,0.0031412784
Algeria,2024-06-29,0.0031412784
Algeria,2024-06-30,0.0031412784
Algeria,2024-07-01,0.025130227
Algeria,2024-07-02,0.025130227
Algeria,2024-07-03,0.025130227
Algeria,2024-07-04,0.025130227
Algeria,2024-07-05,0.025130227
Algeria,2024-07-06,0.025130227
Algeria,2024-07-07,0.025130227
Algeria,2024-07-08,0.01884767
Algeria,2024-07-09,0.01884767
Algeria,2024-07-10,0.01884767
Algeria,2024-07-11,0.01884767
Algeria,2024-07-12,0.01884767
Algeria,2024-07-13,0.01884767
Algeria,2024-07-14,0.01884767
Algeria,2024-07-15,0.097379625
Algeria,2024-07-16,0.097379625
Algeria,2024-07-17,0.097379625
Algeria,2024-07-18,0.097379625
Algeria,2024-07-19,0.097379625
Algeria,2024-07-20,0.097379625
Algeria,2024-07-21,0.097379625
Algeria,2024-07-22,0.10052091
Algeria,2024-07-23,0.10052091
Algeria,2024-07-24,0.10052091
Algeria,2024-07-25,0.10052091
Algeria,2024-07-26,0.10052091
Algeria,2024-07-27,0.10052091
Algeria,2024-07-28,0.10052091
Algeria,2024-07-29,0.01884767
Algeria,2024-07-30,0.01884767
Algeria,2024-07-31,0.01884767
Algeria,2024-08-01,0.01884767
Algeria,2024-08-02,0.01884767
Algeria,2024-08-03,0.01884767
Algeria,2024-08-04,0.01884767
Algeria,2024-08-05,0.05654301
Algeria,2024-08-06,0.05654301
Algeria,2024-08-07,0.05654301
Algeria,2024-08-08,0.05654301
Algeria,2024-08-09,0.05654301
Algeria,2024-08-10,0.05654301
Algeria,2024-08-11,0.05654301
Algeria,2024-08-12,0.03769534
Algeria,2024-08-13,0.03769534
Algeria,2024-08-14,0.03769534
Algeria,2024-08-15,0.03769534
Algeria,2024-08-16,0.03769534
Algeria,2024-08-17,0.03769534
Algeria,2024-08-18,0.03769534
Algeria,2024-08-19,0.009423835
Algeria,2024-08-20,0.009423835
Algeria,2024-08-21,0.009423835
Algeria,2024-08-22,0.009423835
Algeria,2024-08-23,0.009423835
Algeria,2024-08-24,0.009423835
Algeria,2024-08-25,0.009423835
Algeria,2024-08-26,0.006282557
Algeria,2024-08-27,0.006282557
Algeria,2024-08-28,0.006282557
Algeria,2024-08-29,0.006282557
Algeria,2024-08-30,0.006282557
Algeria,2024-08-31,0.006282557
Algeria,2024-09-01,0.006282557
Algeria,2024-09-02,0.0031412784
Algeria,2024-09-03,0.0031412784
Algeria,2024-09-04,0.0031412784
Algeria,2024-09-05,0.0031412784
Algeria,2024-09-06,0.0031412784
Algeria,2024-09-07,0.0031412784
Algeria,2024-09-08,0.0031412784
Algeria,2024-09-09,0.0031412784
Algeria,2024-09-10,0.0031412784
Algeria,2024-09-11,0.0031412784
Algeria,2024-09-12,0.0031412784
Algeria,2024-09-13,0.0031412784
Algeria,2024-09-14,0.0031412784
Algeria,2024-09-15,0.0031412784
Algeria,2024-09-16,0.03769534
Algeria,2024-09-17,0.03769534
Algeria,2024-09-18,0.03769534
Algeria,2024-09-19,0.03769534
Algeria,2024-09-20,0.03769534
Algeria,2024-09-21,0.03769534
Algeria,2024-09-22,0.03769534
Algeria,2024-09-23,0.0031412784
Algeria,2024-09-24,0.0031412784
Algeria,2024-09-25,0.0031412784
Algeria,2024-09-26,0.0031412784
Algeria,2024-09-27,0.0031412784
Algeria,2024-09-28,0.0031412784
Algeria,2024-09-29,0.0031412784
Algeria,2024-09-30,0.0
Algeria,2024-10-01,0.0
Algeria,2024-10-02,0.0
Algeria,2024-10-03,0.0
Algeria,2024-10-04,0.0
Algeria,2024-10-05,0.0
Algeria,2024-10-06,0.0
Algeria,2024-10-07,0.0031412784
Algeria,2024-10-08,0.0031412784
Algeria,2024-10-09,0.0031412784
Algeria,2024-10-10,0.0031412784
Algeria,2024-10-11,0.0031412784
Algeria,2024-10-12,0.0031412784
Algeria,2024-10-13,0.0031412784
Algeria,2024-10-14,0.0031412784
Algeria,2024-10-15,0.0031412784
Algeria,2024-10-16,0.0031412784
Algeria,2024-10-17,0.0031412784
Algeria,2024-10-18,0.0031412784
Algeria,2024-10-19,0.0031412784
Algeria,2024-10-20,0.0031412784
Algeria,2024-10-21,0.0
Algeria,2024-10-22,0.0
Algeria,2024-10-23,0.0
Algeria,2024-10-24,0.0
Algeria,2024-10-25,0.0
Algeria,2024-10-26,0.0
Algeria,2024-10-27,0.0
Algeria,2024-10-28,0.0
Algeria,2024-10-29,0.0
Algeria,2024-10-30,0.0
Algeria,2024-10-31,0.0
Algeria,2024-11-01,0.0
Algeria,2024-11-02,0.0
Algeria,2024-11-03,0.0
Algeria,2024-11-04,0.0
Algeria,2024-11-05,0.0
Algeria,2024-11-06,0.0
Algeria,2024-11-07,0.0
Algeria,2024-11-08,0.0
Algeria,2024-11-09,0.0
Algeria,2024-11-10,0.0
Algeria,2024-11-11,0.0
Algeria,2024-11-12,0.0
Algeria,2024-11-13,0.0
Algeria,2024-11-14,0.0
Algeria,2024-11-15,0.0
Algeria,2024-11-16,0.0
Algeria,2024-11-17,0.0
Algeria,2024-11-18,0.006282557
Algeria,2024-11-19,0.006282557
Algeria,2024-11-20,0.006282557
Algeria,2024-11-21,0.006282557
Algeria,2024-11-22,0.006282557
Algeria,2024-11-23,0.006282557
Algeria,2024-11-24,0.006282557
Algeria,2024-11-25,0.01884767
Algeria,2024-11-26,0.01884767
Algeria,2024-11-27,0.01884767
Algeria,2024-11-28,0.01884767
Algeria,2024-11-29,0.01884767
Algeria,2024-11-30,0.01884767
Algeria,2024-12-01,0.01884767
Algeria,2024-12-02,0.021988949
Algeria,2024-12-03,0.021988949
Algeria,2024-12-04,0.021988949
Algeria,2024-12-05,0.021988949
Algeria,2024-12-06,0.021988949
Algeria,2024-12-07,0.021988949
Algeria,2024-12-08,0.021988949
Algeria,2024-12-09,0.0031412784
Algeria,2024-12-10,0.0031412784
Algeria,2024-12-11,0.0031412784
Algeria,2024-12-12,0.0031412784
Algeria,2024-12-13,0.0031412784
Algeria,2024-12-14,0.0031412784
Algeria,2024-12-15,0.0031412784
Algeria,2024-12-16,0.03769534
Algeria,2024-12-17,0.03769534
Algeria,2024-12-18,0.03769534
Algeria,2024-12-19,0.03769534
Algeria,2024-12-20,0.03769534
Algeria,2024-12-21,0.03769534
Algeria,2024-12-22,0.03769534
Algeria,2024-12-23,0.021988949
Algeria,2024-12-24,0.021988949
Algeria,2024-12-25,0.021988949
Algeria,2024-12-26,0.021988949
Algeria,2024-12-27,0.021988949
Algeria,2024-12-28,0.021988949
Algeria,2024-12-29,0.021988949
Algeria,2024-12-30,0.0031412784
Algeria,2024-12-31,0.0031412784
Algeria,2025-01-01,0.0031412784
Algeria,2025-01-02,0.0031412784
Algeria,2025-01-03,0.0031412784
Algeria,2025-01-04,0.0031412784
Algeria,2025-01-05,0.0031412784
Algeria,2025-01-06,0.006282557
Algeria,2025-01-07,0.006282557
Algeria,2025-01-08,0.006282557
Algeria,2025-01-09,0.006282557
Algeria,2025-01-10,0.006282557
Algeria,2025-01-11,0.006282557
Algeria,2025-01-12,0.006282557
Algeria,2025-01-13,0.015706392
Algeria,2025-01-14,0.015706392
Algeria,2025-01-15,0.015706392
Algeria,2025-01-16,0.015706392
Algeria,2025-01-17,0.015706392
Algeria,2025-01-18,0.015706392
Algeria,2025-01-19,0.015706392
Algeria,2025-01-20,0.006282557
Algeria,2025-01-21,0.006282557
Algeria,2025-01-22,0.006282557
Algeria,2025-01-23,0.006282557
Algeria,2025-01-24,0.006282557
Algeria,2025-01-25,0.006282557
Algeria,2025-01-26,0.006282557
Algeria,2025-01-27,0.0031412784
Algeria,2025-01-28,0.0031412784
Algeria,2025-01-29,0.0031412784
Algeria,2025-01-30,0.0031412784
Algeria,2025-01-31,0.0031412784
Algeria,2025-02-01,0.0031412784
Algeria,2025-02-02,0.0031412784
Algeria,2025-02-03,0.021988949
Algeria,2025-02-04,0.021988949
Algeria,2025-02-05,0.021988949
Algeria,2025-02-06,0.021988949
Algeria,2025-02-07,0.021988949
Algeria,2025-02-08,0.021988949
Algeria,2025-02-09,0.021988949
Algeria,2025-02-10,0.0031412784
Algeria,2025-02-11,0.0031412784
Algeria,2025-02-12,0.0031412784
Algeria,2025-02-13,0.0031412784
Algeria,2025-02-14,0.0031412784
Algeria,2025-02-15,0.0031412784
Algeria,2025-02-16,0.0031412784
Algeria,2025-02-17,0.0
Algeria,2025-02-18,0.0
Algeria,2025-02-19,0.0
Algeria,2025-02-20,0.0
Algeria,2025-02-21,0.0
Algeria,2025-02-22,0.0
Algeria,2025-02-23,0.0
Algeria,2025-02-24,0.0031412784
Algeria,2025-02-25,0.0031412784
Algeria,2025-02-26,0.0031412784
Algeria,2025-02-27,0.0031412784
Algeria,2025-02-28,0.0031412784
Algeria,2025-03-01,0.0031412784
Algeria,2025-03-02,0.0031412784
